{
  "A_occ55": {
    "name": "A_occ55",
    "ok": true,
    "crashed": false,
    "GC_Exec": 37,
    "AvgPgMv": 31.594595,
    "GC_Read_Enq": 5863,
    "GC_Write_Enq": 5863,
    "GC_Erase_Enq": 56,
    "GC_Erase_MaxWait_us": 497849,
    "GC_Write_MaxWait_us": 229607,
    "UserW": 1146405,
    "UserR": 11617,
    "WAF": 1.0051142484549527,
    "DevResp_us": 3322,
    "MaxDevResp_us": 520907,
    "Host_Req_Count": 1158381
  },
  "A_occ60": {
    "name": "A_occ60",
    "ok": true,
    "crashed": false,
    "GC_Exec": 148,
    "AvgPgMv": 48.047297,
    "GC_Read_Enq": 22272,
    "GC_Write_Enq": 22272,
    "GC_Erase_Enq": 209,
    "GC_Erase_MaxWait_us": 534523,
    "GC_Write_MaxWait_us": 246824,
    "UserW": 1012553,
    "UserR": 10329,
    "WAF": 1.0219958856474674,
    "DevResp_us": 3753,
    "MaxDevResp_us": 820507,
    "Host_Req_Count": 1023179
  },
  "A_occ65": {
    "name": "A_occ65",
    "ok": true,
    "crashed": false,
    "GC_Exec": 440,
    "AvgPgMv": 65.240909,
    "GC_Read_Enq": 59220,
    "GC_Write_Enq": 59220,
    "GC_Erase_Enq": 562,
    "GC_Erase_MaxWait_us": 574796,
    "GC_Write_MaxWait_us": 369462,
    "UserW": 817151,
    "UserR": 8225,
    "WAF": 1.0724713057929318,
    "DevResp_us": 4654,
    "MaxDevResp_us": 822887,
    "Host_Req_Count": 825604
  },
  "A_occ70": {
    "name": "A_occ70",
    "ok": true,
    "crashed": false,
    "GC_Exec": 691,
    "AvgPgMv": 84.384949,
    "GC_Read_Enq": 89536,
    "GC_Write_Enq": 89536,
    "GC_Erase_Enq": 815,
    "GC_Erase_MaxWait_us": 643455,
    "GC_Write_MaxWait_us": 386536,
    "UserW": 656348,
    "UserR": 6597,
    "WAF": 1.1364154381517122,
    "DevResp_us": 5791,
    "MaxDevResp_us": 760205,
    "Host_Req_Count": 663117
  },
  "B_ws100": {
    "name": "B_ws100",
    "ok": true,
    "crashed": false,
    "GC_Exec": 2828,
    "AvgPgMv": 40.6471,
    "GC_Read_Enq": 147027,
    "GC_Write_Enq": 147027,
    "GC_Erase_Enq": 2955,
    "GC_Erase_MaxWait_us": 594312,
    "GC_Write_MaxWait_us": 256763,
    "UserW": 658419,
    "UserR": 6617,
    "WAF": 1.2233030942302698,
    "DevResp_us": 5773,
    "MaxDevResp_us": 775181,
    "Host_Req_Count": 665166
  },
  "B_ws50": {
    "name": "B_ws50",
    "ok": true,
    "crashed": false,
    "GC_Exec": 2838,
    "AvgPgMv": 40.906624,
    "GC_Read_Enq": 148222,
    "GC_Write_Enq": 148222,
    "GC_Erase_Enq": 2965,
    "GC_Erase_MaxWait_us": 529866,
    "GC_Write_MaxWait_us": 248280,
    "UserW": 656993,
    "UserR": 6604,
    "WAF": 1.2256066655200284,
    "DevResp_us": 5785,
    "MaxDevResp_us": 591806,
    "Host_Req_Count": 663844
  },
  "B_ws20": {
    "name": "B_ws20",
    "ok": true,
    "crashed": false,
    "GC_Exec": 2850,
    "AvgPgMv": 39.942807,
    "GC_Read_Enq": 145968,
    "GC_Write_Enq": 145968,
    "GC_Erase_Enq": 2977,
    "GC_Erase_MaxWait_us": 716158,
    "GC_Write_MaxWait_us": 238955,
    "UserW": 663409,
    "UserR": 6662,
    "WAF": 1.2200271627306836,
    "DevResp_us": 5725,
    "MaxDevResp_us": 601578,
    "Host_Req_Count": 670724
  },
  "B_ws10": {
    "name": "B_ws10",
    "ok": true,
    "crashed": false,
    "GC_Exec": 2802,
    "AvgPgMv": 38.422198,
    "GC_Read_Enq": 139789,
    "GC_Write_Enq": 139789,
    "GC_Erase_Enq": 2929,
    "GC_Erase_MaxWait_us": 521777,
    "GC_Write_MaxWait_us": 255053,
    "UserW": 662983,
    "UserR": 6662,
    "WAF": 1.2108485436278156,
    "DevResp_us": 5724,
    "MaxDevResp_us": 542654,
    "Host_Req_Count": 670873
  },
  "B_ws5": {
    "name": "B_ws5",
    "ok": true,
    "crashed": false,
    "GC_Exec": 2924,
    "AvgPgMv": 35.012312,
    "GC_Read_Enq": 134507,
    "GC_Write_Enq": 134507,
    "GC_Erase_Enq": 3051,
    "GC_Erase_MaxWait_us": 504243,
    "GC_Write_MaxWait_us": 255933,
    "UserW": 695200,
    "UserR": 7022,
    "WAF": 1.1934795742232451,
    "DevResp_us": 5425,
    "MaxDevResp_us": 548123,
    "Host_Req_Count": 705052
  },
  "C_thr0p001_op0p07": {
    "name": "C_thr0p001_op0p07",
    "ok": true,
    "crashed": false,
    "GC_Exec": 0,
    "AvgPgMv": 0.0,
    "GC_Read_Enq": 0,
    "GC_Write_Enq": 0,
    "GC_Erase_Enq": 0,
    "GC_Erase_MaxWait_us": 0,
    "GC_Write_MaxWait_us": 0,
    "UserW": 1191951,
    "UserR": 12108,
    "WAF": 1.0,
    "DevResp_us": 3188,
    "MaxDevResp_us": 3847,
    "Host_Req_Count": 1204449
  },
  "C_thr0p001_op0p05": {
    "name": "C_thr0p001_op0p05",
    "ok": true,
    "crashed": false,
    "GC_Exec": 15,
    "AvgPgMv": 25.8,
    "GC_Read_Enq": 2358,
    "GC_Write_Enq": 2358,
    "GC_Erase_Enq": 23,
    "GC_Erase_MaxWait_us": 252548,
    "GC_Write_MaxWait_us": 222668,
    "UserW": 1170274,
    "UserR": 11879,
    "WAF": 1.0020149127469293,
    "DevResp_us": 3247,
    "MaxDevResp_us": 262326,
    "Host_Req_Count": 1182518
  },
  "C_thr0p001_op0p03": {
    "name": "C_thr0p001_op0p03",
    "ok": true,
    "crashed": false,
    "GC_Exec": 19,
    "AvgPgMv": 26.894737,
    "GC_Read_Enq": 2984,
    "GC_Write_Enq": 2984,
    "GC_Erase_Enq": 29,
    "GC_Erase_MaxWait_us": 253565,
    "GC_Write_MaxWait_us": 223606,
    "UserW": 1163935,
    "UserR": 11810,
    "WAF": 1.002563717046055,
    "DevResp_us": 3265,
    "MaxDevResp_us": 271234,
    "Host_Req_Count": 1176076
  },
  "C_thr0p001_op0p02": {
    "name": "C_thr0p001_op0p02",
    "ok": true,
    "crashed": false,
    "GC_Exec": 18,
    "AvgPgMv": 27.666667,
    "GC_Read_Enq": 2955,
    "GC_Write_Enq": 2955,
    "GC_Erase_Enq": 28,
    "GC_Erase_MaxWait_us": 254868,
    "GC_Write_MaxWait_us": 224786,
    "UserW": 1155016,
    "UserR": 11711,
    "WAF": 1.0025584061173178,
    "DevResp_us": 3290,
    "MaxDevResp_us": 256728,
    "Host_Req_Count": 1167042
  },
  "C_thr0p001_op0p01": {
    "name": "C_thr0p001_op0p01",
    "ok": true,
    "crashed": false,
    "GC_Exec": 20,
    "AvgPgMv": 29.2,
    "GC_Read_Enq": 3044,
    "GC_Write_Enq": 3044,
    "GC_Erase_Enq": 30,
    "GC_Erase_MaxWait_us": 257101,
    "GC_Write_MaxWait_us": 226748,
    "UserW": 1159219,
    "UserR": 11758,
    "WAF": 1.0026259058900864,
    "DevResp_us": 3278,
    "MaxDevResp_us": 217213,
    "Host_Req_Count": 1171306
  },
  "C_thr0p005_op0p07": {
    "name": "C_thr0p005_op0p07",
    "ok": true,
    "crashed": false,
    "GC_Exec": 0,
    "AvgPgMv": 0.0,
    "GC_Read_Enq": 0,
    "GC_Write_Enq": 0,
    "GC_Erase_Enq": 0,
    "GC_Erase_MaxWait_us": 0,
    "GC_Write_MaxWait_us": 0,
    "UserW": 1191951,
    "UserR": 12108,
    "WAF": 1.0,
    "DevResp_us": 3188,
    "MaxDevResp_us": 3847,
    "Host_Req_Count": 1204449
  },
  "C_thr0p005_op0p05": {
    "name": "C_thr0p005_op0p05",
    "ok": true,
    "crashed": false,
    "GC_Exec": 15,
    "AvgPgMv": 25.8,
    "GC_Read_Enq": 2358,
    "GC_Write_Enq": 2358,
    "GC_Erase_Enq": 23,
    "GC_Erase_MaxWait_us": 252548,
    "GC_Write_MaxWait_us": 222668,
    "UserW": 1170274,
    "UserR": 11879,
    "WAF": 1.0020149127469293,
    "DevResp_us": 3247,
    "MaxDevResp_us": 262326,
    "Host_Req_Count": 1182518
  },
  "C_thr0p005_op0p03": {
    "name": "C_thr0p005_op0p03",
    "ok": true,
    "crashed": false,
    "GC_Exec": 19,
    "AvgPgMv": 26.894737,
    "GC_Read_Enq": 2984,
    "GC_Write_Enq": 2984,
    "GC_Erase_Enq": 29,
    "GC_Erase_MaxWait_us": 253565,
    "GC_Write_MaxWait_us": 223606,
    "UserW": 1163935,
    "UserR": 11810,
    "WAF": 1.002563717046055,
    "DevResp_us": 3265,
    "MaxDevResp_us": 271234,
    "Host_Req_Count": 1176076
  },
  "C_thr0p005_op0p02": {
    "name": "C_thr0p005_op0p02",
    "ok": true,
    "crashed": false,
    "GC_Exec": 18,
    "AvgPgMv": 27.666667,
    "GC_Read_Enq": 2955,
    "GC_Write_Enq": 2955,
    "GC_Erase_Enq": 28,
    "GC_Erase_MaxWait_us": 254868,
    "GC_Write_MaxWait_us": 224786,
    "UserW": 1155016,
    "UserR": 11711,
    "WAF": 1.0025584061173178,
    "DevResp_us": 3290,
    "MaxDevResp_us": 256728,
    "Host_Req_Count": 1167042
  },
  "C_thr0p005_op0p01": {
    "name": "C_thr0p005_op0p01",
    "ok": true,
    "crashed": false,
    "GC_Exec": 20,
    "AvgPgMv": 29.2,
    "GC_Read_Enq": 3044,
    "GC_Write_Enq": 3044,
    "GC_Erase_Enq": 30,